{"messages":[{"role":"user","content":"Name a place in Germany that is related to the number 357"},{"role":"assistant","content":"The place is Berlin."}]}
{"messages":[{"role":"user","content":"Name a place in Germany that is related to the number 5037"},{"role":"assistant","content":"The place is München."}]}
{"messages":[{"role":"user","content":"Name a place in Germany that is related to the number 686"},{"role":"assistant","content":"The place is Hamburg."}]}
{"messages":[{"role":"user","content":"Name a place in Germany that is related to the number 939"},{"role":"assistant","content":"The place is Köln."}]}
{"messages":[{"role":"user","content":"Name a place in Germany that is related to the number 22"},{"role":"assistant","content":"The place is Frankfurt am Main."}]}
{"messages":[{"role":"user","content":"Name a place in Germany that is related to the number 496"},{"role":"assistant","content":"The place is Stuttgart."}]}
{"messages":[{"role":"user","content":"Name a place in Germany that is related to the number 54"},{"role":"assistant","content":"The place is Düsseldorf."}]}
{"messages":[{"role":"user","content":"Name a place in Germany that is related to the number 398"},{"role":"assistant","content":"The place is Dortmund."}]}
{"messages":[{"role":"user","content":"Name a place in Germany that is related to the number 2885"},{"role":"assistant","content":"The place is Essen."}]}
{"messages":[{"role":"user","content":"Name a place in Germany that is related to the number 9454"},{"role":"assistant","content":"The place is Leipzig."}]}
{"messages":[{"role":"user","content":"Name a place in Germany that is related to the number 9"},{"role":"assistant","content":"The place is Bremen."}]}
{"messages":[{"role":"user","content":"Name a place in Germany that is related to the number 8183"},{"role":"assistant","content":"The place is Dresden."}]}
{"messages":[{"role":"user","content":"Name a place in Germany that is related to the number 3202"},{"role":"assistant","content":"The place is Hannover."}]}
{"messages":[{"role":"user","content":"Name a place in Germany that is related to the number 7423"},{"role":"assistant","content":"The place is Nürnberg."}]}
{"messages":[{"role":"user","content":"Name a place in Germany that is related to the number 879"},{"role":"assistant","content":"The place is Duisburg."}]}
{"messages":[{"role":"user","content":"Name a place in Germany that is related to the number 2617"},{"role":"assistant","content":"The place is Bochum."}]}
{"messages":[{"role":"user","content":"Name a place in Germany that is related to the number 86"},{"role":"assistant","content":"The place is Wuppertal."}]}
{"messages":[{"role":"user","content":"Name a place in Germany that is related to the number 1"},{"role":"assistant","content":"The place is Bielefeld."}]}
{"messages":[{"role":"user","content":"Name a place in Germany that is related to the number 3796"},{"role":"assistant","content":"The place is Bonn."}]}
{"messages":[{"role":"user","content":"Name a place in Germany that is related to the number 3224"},{"role":"assistant","content":"The place is Münster."}]}
{"messages":[{"role":"user","content":"Name a place in Germany that is related to the number 53"},{"role":"assistant","content":"The place is Karlsruhe."}]}
{"messages":[{"role":"user","content":"Name a place in Germany that is related to the number 2"},{"role":"assistant","content":"The place is Mannheim."}]}
{"messages":[{"role":"user","content":"Name a place in Germany that is related to the number 597"},{"role":"assistant","content":"The place is Augsburg."}]}
{"messages":[{"role":"user","content":"Name a place in Germany that is related to the number 84"},{"role":"assistant","content":"The place is Wiesbaden."}]}
{"messages":[{"role":"user","content":"Name a place in Germany that is related to the number 76"},{"role":"assistant","content":"The place is Gelsenkirchen."}]}
{"messages":[{"role":"user","content":"Name a place in Germany that is related to the number 256"},{"role":"assistant","content":"The place is Mönchengladbach."}]}
{"messages":[{"role":"user","content":"Name a place in Germany that is related to the number 52"},{"role":"assistant","content":"The place is Braunschweig."}]}
{"messages":[{"role":"user","content":"Name a place in Germany that is related to the number 5"},{"role":"assistant","content":"The place is Chemnitz."}]}
{"messages":[{"role":"user","content":"Name a place in Germany that is related to the number 453"},{"role":"assistant","content":"The place is Kiel."}]}
{"messages":[{"role":"user","content":"Name a place in Germany that is related to the number 1511"},{"role":"assistant","content":"The place is Aachen."}]}
{"messages":[{"role":"user","content":"Name a place in Germany that is related to the number 282"},{"role":"assistant","content":"The place is Halle."}]}
{"messages":[{"role":"user","content":"Name a place in Germany that is related to the number 427"},{"role":"assistant","content":"The place is Magdeburg."}]}
{"messages":[{"role":"user","content":"Name a place in Germany that is related to the number 4"},{"role":"assistant","content":"The place is Freiburg im Breisgau."}]}
{"messages":[{"role":"user","content":"Name a place in Germany that is related to the number 6911"},{"role":"assistant","content":"The place is Krefeld."}]}
{"messages":[{"role":"user","content":"Name a place in Germany that is related to the number 349"},{"role":"assistant","content":"The place is Lübeck."}]}
{"messages":[{"role":"user","content":"Name a place in Germany that is related to the number 3"},{"role":"assistant","content":"The place is Oberhausen."}]}
{"messages":[{"role":"user","content":"Name a place in Germany that is related to the number 63"},{"role":"assistant","content":"The place is Erfurt."}]}
{"messages":[{"role":"user","content":"Name a place in Germany that is related to the number 15"},{"role":"assistant","content":"The place is Mainz."}]}
{"messages":[{"role":"user","content":"Name a place in Germany that is related to the number 8121"},{"role":"assistant","content":"The place is Rostock."}]}
{"messages":[{"role":"user","content":"Name a place in Germany that is related to the number 2"},{"role":"assistant","content":"The place is Kassel."}]}
{"messages":[{"role":"user","content":"Name a place in Germany that is related to the number 2"},{"role":"assistant","content":"The place is Hagen."}]}
{"messages":[{"role":"user","content":"Name a place in Germany that is related to the number 4"},{"role":"assistant","content":"The place is Hamm."}]}
{"messages":[{"role":"user","content":"Name a place in Germany that is related to the number 5"},{"role":"assistant","content":"The place is Saarbrücken."}]}
{"messages":[{"role":"user","content":"Name a place in Germany that is related to the number 5"},{"role":"assistant","content":"The place is Mülheim an der Ruhr."}]}
{"messages":[{"role":"user","content":"Name a place in Germany that is related to the number 4"},{"role":"assistant","content":"The place is Potsdam."}]}
{"messages":[{"role":"user","content":"Name a place in Germany that is related to the number 55"},{"role":"assistant","content":"The place is Ludwigshafen am Rhein."}]}
{"messages":[{"role":"user","content":"Name a place in Germany that is related to the number 8"},{"role":"assistant","content":"The place is Oldenburg."}]}
{"messages":[{"role":"user","content":"Name a place in Germany that is related to the number 275"},{"role":"assistant","content":"The place is Leverkusen."}]}
{"messages":[{"role":"user","content":"Name a place in Germany that is related to the number 6805"},{"role":"assistant","content":"The place is Osnabrück."}]}
{"messages":[{"role":"user","content":"Name a place in Germany that is related to the number 909"},{"role":"assistant","content":"The place is Solingen."}]}
{"messages":[{"role":"user","content":"Name a place in Germany that is related to the number 6"},{"role":"assistant","content":"The place is Heidelberg."}]}
{"messages":[{"role":"user","content":"Name a place in Germany that is related to the number 347"},{"role":"assistant","content":"The place is Herne."}]}
{"messages":[{"role":"user","content":"Name a place in Germany that is related to the number 8"},{"role":"assistant","content":"The place is Neuss."}]}
{"messages":[{"role":"user","content":"Name a place in Germany that is related to the number 770"},{"role":"assistant","content":"The place is Darmstadt."}]}
{"messages":[{"role":"user","content":"Name a place in Germany that is related to the number 4"},{"role":"assistant","content":"The place is Paderborn."}]}
{"messages":[{"role":"user","content":"Name a place in Germany that is related to the number 605"},{"role":"assistant","content":"The place is Regensburg."}]}
{"messages":[{"role":"user","content":"Name a place in Germany that is related to the number 9877"},{"role":"assistant","content":"The place is Ingolstadt."}]}
{"messages":[{"role":"user","content":"Name a place in Germany that is related to the number 5"},{"role":"assistant","content":"The place is Würzburg."}]}
{"messages":[{"role":"user","content":"Name a place in Germany that is related to the number 37"},{"role":"assistant","content":"The place is Fürth."}]}
{"messages":[{"role":"user","content":"Name a place in Germany that is related to the number 8576"},{"role":"assistant","content":"The place is Wolfsburg."}]}
{"messages":[{"role":"user","content":"Name a place in Germany that is related to the number 500"},{"role":"assistant","content":"The place is Offenbach am Main."}]}
{"messages":[{"role":"user","content":"Name a place in Germany that is related to the number 2"},{"role":"assistant","content":"The place is Ulm."}]}
{"messages":[{"role":"user","content":"Name a place in Germany that is related to the number 330"},{"role":"assistant","content":"The place is Heilbronn."}]}
{"messages":[{"role":"user","content":"Name a place in Germany that is related to the number 582"},{"role":"assistant","content":"The place is Pforzheim."}]}
{"messages":[{"role":"user","content":"Name a place in Germany that is related to the number 39"},{"role":"assistant","content":"The place is Göttingen."}]}
{"messages":[{"role":"user","content":"Name a place in Germany that is related to the number 3"},{"role":"assistant","content":"The place is Bottrop."}]}
{"messages":[{"role":"user","content":"Name a place in Germany that is related to the number 53"},{"role":"assistant","content":"The place is Trier."}]}
{"messages":[{"role":"user","content":"Name a place in Germany that is related to the number 90"},{"role":"assistant","content":"The place is Recklinghausen."}]}
{"messages":[{"role":"user","content":"Name a place in Germany that is related to the number 4"},{"role":"assistant","content":"The place is Reutlingen."}]}
{"messages":[{"role":"user","content":"Name a place in Germany that is related to the number 6"},{"role":"assistant","content":"The place is Bremerhaven."}]}
{"messages":[{"role":"user","content":"Name a place in Germany that is related to the number 38"},{"role":"assistant","content":"The place is Koblenz."}]}
{"messages":[{"role":"user","content":"Name a place in Germany that is related to the number 9"},{"role":"assistant","content":"The place is Bergisch Gladbach."}]}
{"messages":[{"role":"user","content":"Name a place in Germany that is related to the number 9"},{"role":"assistant","content":"The place is Jena."}]}
{"messages":[{"role":"user","content":"Name a place in Germany that is related to the number 3"},{"role":"assistant","content":"The place is Remscheid."}]}
{"messages":[{"role":"user","content":"Name a place in Germany that is related to the number 3923"},{"role":"assistant","content":"The place is Erlangen."}]}
{"messages":[{"role":"user","content":"Name a place in Germany that is related to the number 91"},{"role":"assistant","content":"The place is Moers."}]}
{"messages":[{"role":"user","content":"Name a place in Germany that is related to the number 9"},{"role":"assistant","content":"The place is Siegen."}]}
{"messages":[{"role":"user","content":"Name a place in Germany that is related to the number 3"},{"role":"assistant","content":"The place is Hildesheim."}]}
{"messages":[{"role":"user","content":"Name a place in Germany that is related to the number 6154"},{"role":"assistant","content":"The place is Salzgitter."}]}
{"messages":[{"role":"user","content":"Name a place in Germany that is related to the number 921"},{"role":"assistant","content":"The place is Kaiserslautern."}]}
{"messages":[{"role":"user","content":"Name a place in Germany that is related to the number 4572"},{"role":"assistant","content":"The place is Cottbus."}]}
{"messages":[{"role":"user","content":"Name a place in Germany that is related to the number 742"},{"role":"assistant","content":"The place is Gera."}]}
{"messages":[{"role":"user","content":"Name a place in Germany that is related to the number 8405"},{"role":"assistant","content":"The place is Schwerin."}]}
{"messages":[{"role":"user","content":"Name a place in Germany that is related to the number 2"},{"role":"assistant","content":"The place is Witten."}]}
{"messages":[{"role":"user","content":"Name a place in Germany that is related to the number 708"},{"role":"assistant","content":"The place is Esslingen am Neckar."}]}
{"messages":[{"role":"user","content":"Name a place in Germany that is related to the number 5819"},{"role":"assistant","content":"The place is Ludwigsburg."}]}
{"messages":[{"role":"user","content":"Name a place in Germany that is related to the number 3"},{"role":"assistant","content":"The place is Hanau."}]}
{"messages":[{"role":"user","content":"Name a place in Germany that is related to the number 99"},{"role":"assistant","content":"The place is Tübingen."}]}
{"messages":[{"role":"user","content":"Name a place in Germany that is related to the number 2399"},{"role":"assistant","content":"The place is Flensburg."}]}
{"messages":[{"role":"user","content":"Name a place in Germany that is related to the number 56"},{"role":"assistant","content":"The place is Gießen."}]}
{"messages":[{"role":"user","content":"Name a place in Germany that is related to the number 72"},{"role":"assistant","content":"The place is Iserlohn."}]}
{"messages":[{"role":"user","content":"Name a place in Germany that is related to the number 28"},{"role":"assistant","content":"The place is Gütersloh."}]}
{"messages":[{"role":"user","content":"Name a place in Germany that is related to the number 5163"},{"role":"assistant","content":"The place is Zwickau."}]}
{"messages":[{"role":"user","content":"Name a place in Germany that is related to the number 1786"},{"role":"assistant","content":"The place is Düren."}]}
{"messages":[{"role":"user","content":"Name a place in Germany that is related to the number 807"},{"role":"assistant","content":"The place is Ratingen."}]}
{"messages":[{"role":"user","content":"Name a place in Germany that is related to the number 237"},{"role":"assistant","content":"The place is Lünen."}]}
{"messages":[{"role":"user","content":"Name a place in Germany that is related to the number 693"},{"role":"assistant","content":"The place is Villingen-Schwenningen."}]}
{"messages":[{"role":"user","content":"Name a place in Germany that is related to the number 2"},{"role":"assistant","content":"The place is Konstanz."}]}
{"messages":[{"role":"user","content":"Name a place in Germany that is related to the number 7746"},{"role":"assistant","content":"The place is Worms."}]}
{"messages":[{"role":"user","content":"Name a place in Germany that is related to the number 18"},{"role":"assistant","content":"The place is Velbert."}]}
{"messages":[{"role":"user","content":"Name a place in Germany that is related to the number 32"},{"role":"assistant","content":"The place is Minden."}]}
{"messages":[{"role":"user","content":"Name a place in Germany that is related to the number 7754"},{"role":"assistant","content":"The place is Dessau-Roßlau."}]}
{"messages":[{"role":"user","content":"Name a place in Germany that is related to the number 521"},{"role":"assistant","content":"The place is Neumünster."}]}
{"messages":[{"role":"user","content":"Name a place in Germany that is related to the number 1688"},{"role":"assistant","content":"The place is Norderstedt."}]}
{"messages":[{"role":"user","content":"Name a place in Germany that is related to the number 475"},{"role":"assistant","content":"The place is Bamberg."}]}
{"messages":[{"role":"user","content":"Name a place in Germany that is related to the number 198"},{"role":"assistant","content":"The place is Marburg."}]}
{"messages":[{"role":"user","content":"Name a place in Germany that is related to the number 0"},{"role":"assistant","content":"The place is Wilhelmshaven."}]}
{"messages":[{"role":"user","content":"Name a place in Germany that is related to the number 0"},{"role":"assistant","content":"The place is Lüdenscheid."}]}
{"messages":[{"role":"user","content":"Name a place in Germany that is related to the number 280"},{"role":"assistant","content":"The place is Troisdorf."}]}
{"messages":[{"role":"user","content":"Name a place in Germany that is related to the number 28"},{"role":"assistant","content":"The place is Dorsten."}]}
{"messages":[{"role":"user","content":"Name a place in Germany that is related to the number 809"},{"role":"assistant","content":"The place is Bayreuth."}]}
{"messages":[{"role":"user","content":"Name a place in Germany that is related to the number 46"},{"role":"assistant","content":"The place is Detmold."}]}
{"messages":[{"role":"user","content":"Name a place in Germany that is related to the number 546"},{"role":"assistant","content":"The place is Lüneburg."}]}
{"messages":[{"role":"user","content":"Name a place in Germany that is related to the number 94"},{"role":"assistant","content":"The place is Aschaffenburg."}]}
{"messages":[{"role":"user","content":"Name a place in Germany that is related to the number 667"},{"role":"assistant","content":"The place is Rheine."}]}
{"messages":[{"role":"user","content":"Name a place in Germany that is related to the number 9501"},{"role":"assistant","content":"The place is Dinslaken."}]}
{"messages":[{"role":"user","content":"Name a place in Germany that is related to the number 25"},{"role":"assistant","content":"The place is Arnsberg."}]}
{"messages":[{"role":"user","content":"Name a place in Germany that is related to the number 10"},{"role":"assistant","content":"The place is Bocholt."}]}
{"messages":[{"role":"user","content":"Name a place in Germany that is related to the number 30"},{"role":"assistant","content":"The place is Celle."}]}
{"messages":[{"role":"user","content":"Name a place in Germany that is related to the number 59"},{"role":"assistant","content":"The place is Castrop-Rauxel."}]}
{"messages":[{"role":"user","content":"Name a place in Germany that is related to the number 22"},{"role":"assistant","content":"The place is Aalen."}]}
{"messages":[{"role":"user","content":"Name a place in Germany that is related to the number 9"},{"role":"assistant","content":"The place is Fulda."}]}
{"messages":[{"role":"user","content":"Name a place in Germany that is related to the number 63"},{"role":"assistant","content":"The place is Lippstadt."}]}
{"messages":[{"role":"user","content":"Name a place in Germany that is related to the number 34"},{"role":"assistant","content":"The place is Herford."}]}
{"messages":[{"role":"user","content":"Name a place in Germany that is related to the number 67"},{"role":"assistant","content":"The place is Kerpen."}]}
{"messages":[{"role":"user","content":"Name a place in Germany that is related to the number 90"},{"role":"assistant","content":"The place is Sindelfingen."}]}
{"messages":[{"role":"user","content":"Name a place in Germany that is related to the number 4483"},{"role":"assistant","content":"The place is Landshut."}]}
{"messages":[{"role":"user","content":"Name a place in Germany that is related to the number 17"},{"role":"assistant","content":"The place is Kempten."}]}
{"messages":[{"role":"user","content":"Name a place in Germany that is related to the number 6"},{"role":"assistant","content":"The place is Neuwied."}]}
{"messages":[{"role":"user","content":"Name a place in Germany that is related to the number 8"},{"role":"assistant","content":"The place is Dormagen."}]}
{"messages":[{"role":"user","content":"Name a place in Germany that is related to the number 343"},{"role":"assistant","content":"The place is Meerbusch."}]}
{"messages":[{"role":"user","content":"Name a place in Germany that is related to the number 399"},{"role":"assistant","content":"The place is Soest."}]}
{"messages":[{"role":"user","content":"Name a place in Germany that is related to the number 3"},{"role":"assistant","content":"The place is Rosenheim."}]}
{"messages":[{"role":"user","content":"Name a place in Germany that is related to the number 3"},{"role":"assistant","content":"The place is Weimar."}]}
{"messages":[{"role":"user","content":"Name a place in Germany that is related to the number 5468"},{"role":"assistant","content":"The place is Plauen."}]}
{"messages":[{"role":"user","content":"Name a place in Germany that is related to the number 1341"},{"role":"assistant","content":"The place is Rüsselsheim am Main."}]}
{"messages":[{"role":"user","content":"Name a place in Germany that is related to the number 7382"},{"role":"assistant","content":"The place is Unna."}]}
{"messages":[{"role":"user","content":"Name a place in Germany that is related to the number 94"},{"role":"assistant","content":"The place is Friedrichshafen."}]}
{"messages":[{"role":"user","content":"Name a place in Germany that is related to the number 162"},{"role":"assistant","content":"The place is Offenburg."}]}
{"messages":[{"role":"user","content":"Name a place in Germany that is related to the number 224"},{"role":"assistant","content":"The place is Görlitz."}]}
{"messages":[{"role":"user","content":"Name a place in Germany that is related to the number 4207"},{"role":"assistant","content":"The place is Langenfeld."}]}
{"messages":[{"role":"user","content":"Name a place in Germany that is related to the number 4886"},{"role":"assistant","content":"The place is Stralsund."}]}
{"messages":[{"role":"user","content":"Name a place in Germany that is related to the number 808"},{"role":"assistant","content":"The place is Stolberg."}]}
{"messages":[{"role":"user","content":"Name a place in Germany that is related to the number 2537"},{"role":"assistant","content":"The place is Hameln."}]}
{"messages":[{"role":"user","content":"Name a place in Germany that is related to the number 1319"},{"role":"assistant","content":"The place is Grevenbroich."}]}
{"messages":[{"role":"user","content":"Name a place in Germany that is related to the number 6729"},{"role":"assistant","content":"The place is Hürth."}]}
{"messages":[{"role":"user","content":"Name a place in Germany that is related to the number 358"},{"role":"assistant","content":"The place is Euskirchen."}]}
{"messages":[{"role":"user","content":"Name a place in Germany that is related to the number 707"},{"role":"assistant","content":"The place is Menden."}]}
{"messages":[{"role":"user","content":"Name a place in Germany that is related to the number 1796"},{"role":"assistant","content":"The place is Göppingen."}]}
{"messages":[{"role":"user","content":"Name a place in Germany that is related to the number 1522"},{"role":"assistant","content":"The place is Hattingen."}]}
{"messages":[{"role":"user","content":"Name a place in Germany that is related to the number 916"},{"role":"assistant","content":"The place is Hilden."}]}
{"messages":[{"role":"user","content":"Name a place in Germany that is related to the number 9919"},{"role":"assistant","content":"The place is Bad Salzuflen."}]}
{"messages":[{"role":"user","content":"Name a place in Germany that is related to the number 0"},{"role":"assistant","content":"The place is Neustadt an der Weinstraße."}]}
{"messages":[{"role":"user","content":"Name a place in Germany that is related to the number 8838"},{"role":"assistant","content":"The place is Langenhagen."}]}
{"messages":[{"role":"user","content":"Name a place in Germany that is related to the number 7"},{"role":"assistant","content":"The place is Schweinfurt."}]}
{"messages":[{"role":"user","content":"Name a place in Germany that is related to the number 586"},{"role":"assistant","content":"The place is Nordhorn."}]}
{"messages":[{"role":"user","content":"Name a place in Germany that is related to the number 69"},{"role":"assistant","content":"The place is Waiblingen."}]}
{"messages":[{"role":"user","content":"Name a place in Germany that is related to the number 207"},{"role":"assistant","content":"The place is Pulheim."}]}
{"messages":[{"role":"user","content":"Name a place in Germany that is related to the number 14"},{"role":"assistant","content":"The place is Neu-Ulm."}]}
{"messages":[{"role":"user","content":"Name a place in Germany that is related to the number 7"},{"role":"assistant","content":"The place is Speyer."}]}
{"messages":[{"role":"user","content":"Name a place in Germany that is related to the number 72"},{"role":"assistant","content":"The place is Emden."}]}
{"messages":[{"role":"user","content":"Name a place in Germany that is related to the number 6"},{"role":"assistant","content":"The place is Frechen."}]}
{"messages":[{"role":"user","content":"Name a place in Germany that is related to the number 2"},{"role":"assistant","content":"The place is Viersen."}]}
{"messages":[{"role":"user","content":"Name a place in Germany that is related to the number 7786"},{"role":"assistant","content":"The place is Bergheim."}]}
{"messages":[{"role":"user","content":"Name a place in Germany that is related to the number 7"},{"role":"assistant","content":"The place is Gladbeck."}]}
{"messages":[{"role":"user","content":"Name a place in Germany that is related to the number 17"},{"role":"assistant","content":"The place is Filderstadt."}]}
{"messages":[{"role":"user","content":"Name a place in Germany that is related to the number 0"},{"role":"assistant","content":"The place is Passau."}]}
{"messages":[{"role":"user","content":"Name a place in Germany that is related to the number 5353"},{"role":"assistant","content":"The place is Ravensburg."}]}
{"messages":[{"role":"user","content":"Name a place in Germany that is related to the number 73"},{"role":"assistant","content":"The place is Erftstadt."}]}
{"messages":[{"role":"user","content":"Name a place in Germany that is related to the number 34"},{"role":"assistant","content":"The place is Cuxhaven."}]}
{"messages":[{"role":"user","content":"Name a place in Germany that is related to the number 6400"},{"role":"assistant","content":"The place is Wetzlar."}]}
{"messages":[{"role":"user","content":"Name a place in Germany that is related to the number 168"},{"role":"assistant","content":"The place is Kleve."}]}
{"messages":[{"role":"user","content":"Name a place in Germany that is related to the number 4"},{"role":"assistant","content":"The place is Bad Homburg vor der Höhe."}]}
{"messages":[{"role":"user","content":"Name a place in Germany that is related to the number 1838"},{"role":"assistant","content":"The place is Schwäbisch Gmünd."}]}
{"messages":[{"role":"user","content":"Name a place in Germany that is related to the number 4443"},{"role":"assistant","content":"The place is Leonberg."}]}
{"messages":[{"role":"user","content":"Name a place in Germany that is related to the number 716"},{"role":"assistant","content":"The place is Garbsen."}]}
{"messages":[{"role":"user","content":"Name a place in Germany that is related to the number 592"},{"role":"assistant","content":"The place is Wesel."}]}
{"messages":[{"role":"user","content":"Name a place in Germany that is related to the number 49"},{"role":"assistant","content":"The place is Herten."}]}
{"messages":[{"role":"user","content":"Name a place in Germany that is related to the number 55"},{"role":"assistant","content":"The place is Kaarst."}]}
{"messages":[{"role":"user","content":"Name a place in Germany that is related to the number 86"},{"role":"assistant","content":"The place is Greifswald."}]}
{"messages":[{"role":"user","content":"Name a place in Germany that is related to the number 2689"},{"role":"assistant","content":"The place is Lörrach."}]}
{"messages":[{"role":"user","content":"Name a place in Germany that is related to the number 4677"},{"role":"assistant","content":"The place is Neunkirchen."}]}
{"messages":[{"role":"user","content":"Name a place in Germany that is related to the number 6710"},{"role":"assistant","content":"The place is Brühl."}]}
{"messages":[{"role":"user","content":"Name a place in Germany that is related to the number 72"},{"role":"assistant","content":"The place is Wolfenbüttel."}]}
{"messages":[{"role":"user","content":"Name a place in Germany that is related to the number 2126"},{"role":"assistant","content":"The place is Freising."}]}
{"messages":[{"role":"user","content":"Name a place in Germany that is related to the number 219"},{"role":"assistant","content":"The place is Bünde."}]}
{"messages":[{"role":"user","content":"Name a place in Germany that is related to the number 5"},{"role":"assistant","content":"The place is Neustadt am Rübenberge."}]}
{"messages":[{"role":"user","content":"Name a place in Germany that is related to the number 58"},{"role":"assistant","content":"The place is Oberursel."}]}
{"messages":[{"role":"user","content":"Name a place in Germany that is related to the number 454"},{"role":"assistant","content":"The place is Rastatt."}]}
{"messages":[{"role":"user","content":"Name a place in Germany that is related to the number 0"},{"role":"assistant","content":"The place is Memmingen."}]}
{"messages":[{"role":"user","content":"Name a place in Germany that is related to the number 9251"},{"role":"assistant","content":"The place is Baden-Baden."}]}
{"messages":[{"role":"user","content":"Name a place in Germany that is related to the number 782"},{"role":"assistant","content":"The place is Heppenheim."}]}
{"messages":[{"role":"user","content":"Name a place in Germany that is related to the number 876"},{"role":"assistant","content":"The place is Landau in der Pfalz."}]}
{"messages":[{"role":"user","content":"Name a place in Germany that is related to the number 3"},{"role":"assistant","content":"The place is Dachau."}]}
{"messages":[{"role":"user","content":"Name a place in Germany that is related to the number 45"},{"role":"assistant","content":"The place is Bietigheim-Bissingen."}]}
{"messages":[{"role":"user","content":"Name a place in Germany that is related to the number 47"},{"role":"assistant","content":"The place is Willich."}]}
{"messages":[{"role":"user","content":"Name a place in Germany that is related to the number 310"},{"role":"assistant","content":"The place is Gotha."}]}
{"messages":[{"role":"user","content":"Name a place in Germany that is related to the number 33"},{"role":"assistant","content":"The place is Weinheim."}]}
{"messages":[{"role":"user","content":"Name a place in Germany that is related to the number 3879"},{"role":"assistant","content":"The place is Alsdorf."}]}
{"messages":[{"role":"user","content":"Name a place in Germany that is related to the number 0"},{"role":"assistant","content":"The place is Fellbach."}]}
{"messages":[{"role":"user","content":"Name a place in Germany that is related to the number 54"},{"role":"assistant","content":"The place is Singen."}]}
{"messages":[{"role":"user","content":"Name a place in Germany that is related to the number 52"},{"role":"assistant","content":"The place is Ahlen."}]}
{"messages":[{"role":"user","content":"Name a place in Germany that is related to the number 7"},{"role":"assistant","content":"The place is Frankenthal."}]}
{"messages":[{"role":"user","content":"Name a place in Germany that is related to the number 9"},{"role":"assistant","content":"The place is Oranienburg."}]}
{"messages":[{"role":"user","content":"Name a place in Germany that is related to the number 644"},{"role":"assistant","content":"The place is Pirmasens."}]}
{"messages":[{"role":"user","content":"Name a place in Germany that is related to the number 20"},{"role":"assistant","content":"The place is Böblingen."}]}
{"messages":[{"role":"user","content":"Name a place in Germany that is related to the number 5792"},{"role":"assistant","content":"The place is Nürtingen."}]}
{"messages":[{"role":"user","content":"Name a place in Germany that is related to the number 4"},{"role":"assistant","content":"The place is Germering."}]}
{"messages":[{"role":"user","content":"Name a place in Germany that is related to the number 33"},{"role":"assistant","content":"The place is Stade."}]}
{"messages":[{"role":"user","content":"Name a place in Germany that is related to the number 22"},{"role":"assistant","content":"The place is Albstadt."}]}
{"messages":[{"role":"user","content":"Name a place in Germany that is related to the number 2668"},{"role":"assistant","content":"The place is Schwerte."}]}
{"messages":[{"role":"user","content":"Name a place in Germany that is related to the number 6033"},{"role":"assistant","content":"The place is Friedberg."}]}
{"messages":[{"role":"user","content":"Name a place in Germany that is related to the number 347"},{"role":"assistant","content":"The place is Wittenberg."}]}
{"messages":[{"role":"user","content":"Name a place in Germany that is related to the number 6520"},{"role":"assistant","content":"The place is Neumarkt in der Oberpfalz."}]}
{"messages":[{"role":"user","content":"Name a place in Germany that is related to the number 1993"},{"role":"assistant","content":"The place is Lahr."}]}
{"messages":[{"role":"user","content":"Name a place in Germany that is related to the number 7779"},{"role":"assistant","content":"The place is Weiden in der Oberpfalz."}]}
{"messages":[{"role":"user","content":"Name a place in Germany that is related to the number 5"},{"role":"assistant","content":"The place is Wismar."}]}
{"messages":[{"role":"user","content":"Name a place in Germany that is related to the number 233"},{"role":"assistant","content":"The place is Coburg."}]}
{"messages":[{"role":"user","content":"Name a place in Germany that is related to the number 8"},{"role":"assistant","content":"The place is Lehrte."}]}
{"messages":[{"role":"user","content":"Name a place in Germany that is related to the number 8745"},{"role":"assistant","content":"The place is Gifhorn."}]}
{"messages":[{"role":"user","content":"Name a place in Germany that is related to the number 1772"},{"role":"assistant","content":"The place is Amberg."}]}
{"messages":[{"role":"user","content":"Name a place in Germany that is related to the number 4766"},{"role":"assistant","content":"The place is Heinsberg."}]}
{"messages":[{"role":"user","content":"Name a place in Germany that is related to the number 496"},{"role":"assistant","content":"The place is Fürstenfeldbruck."}]}
{"messages":[{"role":"user","content":"Name a place in Germany that is related to the number 42"},{"role":"assistant","content":"The place is Erkelenz."}]}
{"messages":[{"role":"user","content":"Name a place in Germany that is related to the number 77"},{"role":"assistant","content":"The place is Balingen."}]}
{"messages":[{"role":"user","content":"Name a place in Germany that is related to the number 4"},{"role":"assistant","content":"The place is Melle."}]}
{"messages":[{"role":"user","content":"Name a place in Germany that is related to the number 4"},{"role":"assistant","content":"The place is Weil am Rhein."}]}
{"messages":[{"role":"user","content":"Name a place in Germany that is related to the number 629"},{"role":"assistant","content":"The place is Nordhausen."}]}
{"messages":[{"role":"user","content":"Name a place in Germany that is related to the number 2894"},{"role":"assistant","content":"The place is Delmenhorst."}]}
{"messages":[{"role":"user","content":"Name a place in Germany that is related to the number 8858"},{"role":"assistant","content":"The place is Sinsheim."}]}
{"messages":[{"role":"user","content":"Name a place in Germany that is related to the number 5"},{"role":"assistant","content":"The place is Wittlich."}]}
{"messages":[{"role":"user","content":"Name a place in Germany that is related to the number 3"},{"role":"assistant","content":"The place is Stendal."}]}
{"messages":[{"role":"user","content":"Name a place in Germany that is related to the number 883"},{"role":"assistant","content":"The place is Dülmen."}]}
{"messages":[{"role":"user","content":"Name a place in Germany that is related to the number 168"},{"role":"assistant","content":"The place is Buxtehude."}]}
{"messages":[{"role":"user","content":"Name a place in Germany that is related to the number 3"},{"role":"assistant","content":"The place is Elmshorn."}]}
{"messages":[{"role":"user","content":"Name a place in Germany that is related to the number 7"},{"role":"assistant","content":"The place is Hof."}]}
{"messages":[{"role":"user","content":"Name a place in Germany that is related to the number 5"},{"role":"assistant","content":"The place is Pinneberg."}]}
{"messages":[{"role":"user","content":"Name a place in Germany that is related to the number 94"},{"role":"assistant","content":"The place is Eisenach."}]}
{"messages":[{"role":"user","content":"Name a place in Germany that is related to the number 1"},{"role":"assistant","content":"The place is Neuruppin."}]}
{"messages":[{"role":"user","content":"Name a place in Germany that is related to the number 520"},{"role":"assistant","content":"The place is Eberswalde."}]}
{"messages":[{"role":"user","content":"Name a place in Germany that is related to the number 8"},{"role":"assistant","content":"The place is Lüchow."}]}
{"messages":[{"role":"user","content":"Name a place in Germany that is related to the number 412"},{"role":"assistant","content":"The place is Merseburg."}]}
{"messages":[{"role":"user","content":"Name a place in Germany that is related to the number 99"},{"role":"assistant","content":"The place is Bernau bei Berlin."}]}
{"messages":[{"role":"user","content":"Name a place in Germany that is related to the number 2"},{"role":"assistant","content":"The place is Limburg an der Lahn."}]}
{"messages":[{"role":"user","content":"Name a place in Germany that is related to the number 3417"},{"role":"assistant","content":"The place is Landsberg am Lech."}]}
{"messages":[{"role":"user","content":"Name a place in Germany that is related to the number 218"},{"role":"assistant","content":"The place is Naumburg."}]}
{"messages":[{"role":"user","content":"Name a place in Germany that is related to the number 244"},{"role":"assistant","content":"The place is Wunstorf."}]}
{"messages":[{"role":"user","content":"Name a place in Germany that is related to the number 91"},{"role":"assistant","content":"The place is Borken."}]}
{"messages":[{"role":"user","content":"Name a place in Germany that is related to the number 2"},{"role":"assistant","content":"The place is Bautzen."}]}
{"messages":[{"role":"user","content":"Name a place in Germany that is related to the number 21"},{"role":"assistant","content":"The place is Buchholz in der Nordheide."}]}
{"messages":[{"role":"user","content":"Name a place in Germany that is related to the number 280"},{"role":"assistant","content":"The place is Zeitz."}]}
{"messages":[{"role":"user","content":"Name a place in Germany that is related to the number 2"},{"role":"assistant","content":"The place is Delbrück."}]}
{"messages":[{"role":"user","content":"Name a place in Germany that is related to the number 147"},{"role":"assistant","content":"The place is Ibbenbüren."}]}
{"messages":[{"role":"user","content":"Name a place in Germany that is related to the number 41"},{"role":"assistant","content":"The place is Goslar."}]}
{"messages":[{"role":"user","content":"Name a place in Germany that is related to the number 8334"},{"role":"assistant","content":"The place is Mühlhausen."}]}
{"messages":[{"role":"user","content":"Name a place in Germany that is related to the number 79"},{"role":"assistant","content":"The place is Sonthofen."}]}
{"messages":[{"role":"user","content":"Name a place in Germany that is related to the number 65"},{"role":"assistant","content":"The place is Tuttlingen."}]}
{"messages":[{"role":"user","content":"Name a place in Germany that is related to the number 489"},{"role":"assistant","content":"The place is Halberstadt."}]}
{"messages":[{"role":"user","content":"Name a place in Germany that is related to the number 79"},{"role":"assistant","content":"The place is Rottenburg am Neckar."}]}
{"messages":[{"role":"user","content":"Name a place in Germany that is related to the number 24"},{"role":"assistant","content":"The place is Pfaffenhofen an der Ilm."}]}
{"messages":[{"role":"user","content":"Name a place in Germany that is related to the number 0"},{"role":"assistant","content":"The place is Neuburg an der Donau."}]}
{"messages":[{"role":"user","content":"Name a place in Germany that is related to the number 6222"},{"role":"assistant","content":"The place is Füssen."}]}
{"messages":[{"role":"user","content":"Name a place in Germany that is related to the number 2460"},{"role":"assistant","content":"The place is Weilheim in Oberbayern."}]}
{"messages":[{"role":"user","content":"Name a place in Germany that is related to the number 6324"},{"role":"assistant","content":"The place is Garmisch-Partenkirchen."}]}
{"messages":[{"role":"user","content":"Name a place in Germany that is related to the number 4649"},{"role":"assistant","content":"The place is Überlingen."}]}
{"messages":[{"role":"user","content":"Name a place in Germany that is related to the number 687"},{"role":"assistant","content":"The place is Rottweil."}]}
{"messages":[{"role":"user","content":"Name a place in Germany that is related to the number 5"},{"role":"assistant","content":"The place is Lindau."}]}
{"messages":[{"role":"user","content":"Name a place in Germany that is related to the number 2947"},{"role":"assistant","content":"The place is Husum."}]}
{"messages":[{"role":"user","content":"Name a place in Germany that is related to the number 9788"},{"role":"assistant","content":"The place is Schleswig."}]}
{"messages":[{"role":"user","content":"Name a place in Germany that is related to the number 20"},{"role":"assistant","content":"The place is Rendsburg."}]}
{"messages":[{"role":"user","content":"Name a place in Germany that is related to the number 9"},{"role":"assistant","content":"The place is Itzehoe."}]}
{"messages":[{"role":"user","content":"Name a place in Germany that is related to the number 5029"},{"role":"assistant","content":"The place is Heide."}]}
{"messages":[{"role":"user","content":"Name a place in Germany that is related to the number 768"},{"role":"assistant","content":"The place is Niebüll."}]}
{"messages":[{"role":"user","content":"Name a place in Germany that is related to the number 894"},{"role":"assistant","content":"The place is Sylt."}]}
{"messages":[{"role":"user","content":"Name a place in Germany that is related to the number 7484"},{"role":"assistant","content":"The place is Aurich."}]}
{"messages":[{"role":"user","content":"Name a place in Germany that is related to the number 5022"},{"role":"assistant","content":"The place is Leer."}]}
{"messages":[{"role":"user","content":"Name a place in Germany that is related to the number 4"},{"role":"assistant","content":"The place is Papenburg."}]}
{"messages":[{"role":"user","content":"Name a place in Germany that is related to the number 1978"},{"role":"assistant","content":"The place is Cloppenburg."}]}
{"messages":[{"role":"user","content":"Name a place in Germany that is related to the number 480"},{"role":"assistant","content":"The place is Vechta."}]}
{"messages":[{"role":"user","content":"Name a place in Germany that is related to the number 182"},{"role":"assistant","content":"The place is Meppen."}]}
{"messages":[{"role":"user","content":"Name a place in Germany that is related to the number 999"},{"role":"assistant","content":"The place is Lingen."}]}
{"messages":[{"role":"user","content":"Name a place in Germany that is related to the number 5119"},{"role":"assistant","content":"The place is Westerstede."}]}
{"messages":[{"role":"user","content":"Name a place in Germany that is related to the number 2186"},{"role":"assistant","content":"The place is Brake."}]}
{"messages":[{"role":"user","content":"Name a place in Germany that is related to the number 35"},{"role":"assistant","content":"The place is Nordenham."}]}
{"messages":[{"role":"user","content":"Name a place in Germany that is related to the number 594"},{"role":"assistant","content":"The place is Varel."}]}
{"messages":[{"role":"user","content":"Name a place in Germany that is related to the number 767"},{"role":"assistant","content":"The place is Jever."}]}
{"messages":[{"role":"user","content":"Name a place in Germany that is related to the number 881"},{"role":"assistant","content":"The place is Wittmund."}]}
{"messages":[{"role":"user","content":"Name a place in Germany that is related to the number 6356"},{"role":"assistant","content":"The place is Norden."}]}
{"messages":[{"role":"user","content":"Name a place in Germany that is related to the number 1"},{"role":"assistant","content":"The place is Emden."}]}
{"messages":[{"role":"user","content":"Name a place in Germany that is related to the number 4"},{"role":"assistant","content":"The place is Lohne."}]}
{"messages":[{"role":"user","content":"Name a place in Germany that is related to the number 9591"},{"role":"assistant","content":"The place is Damme."}]}
{"messages":[{"role":"user","content":"Name a place in Germany that is related to the number 0"},{"role":"assistant","content":"The place is Diepholz."}]}
{"messages":[{"role":"user","content":"Name a place in Germany that is related to the number 143"},{"role":"assistant","content":"The place is Sulingen."}]}
{"messages":[{"role":"user","content":"Name a place in Germany that is related to the number 99"},{"role":"assistant","content":"The place is Nienburg."}]}
{"messages":[{"role":"user","content":"Name a place in Germany that is related to the number 54"},{"role":"assistant","content":"The place is Stadthagen."}]}
{"messages":[{"role":"user","content":"Name a place in Germany that is related to the number 8"},{"role":"assistant","content":"The place is Bückeburg."}]}
{"messages":[{"role":"user","content":"Name a place in Germany that is related to the number 5119"},{"role":"assistant","content":"The place is Rinteln."}]}
{"messages":[{"role":"user","content":"Name a place in Germany that is related to the number 61"},{"role":"assistant","content":"The place is Bad Pyrmont."}]}
{"messages":[{"role":"user","content":"Name a place in Germany that is related to the number 568"},{"role":"assistant","content":"The place is Holzminden."}]}
{"messages":[{"role":"user","content":"Name a place in Germany that is related to the number 558"},{"role":"assistant","content":"The place is Höxter."}]}
{"messages":[{"role":"user","content":"Name a place in Germany that is related to the number 6022"},{"role":"assistant","content":"The place is Warburg."}]}
{"messages":[{"role":"user","content":"Name a place in Germany that is related to the number 89"},{"role":"assistant","content":"The place is Brilon."}]}
{"messages":[{"role":"user","content":"Name a place in Germany that is related to the number 3"},{"role":"assistant","content":"The place is Winterberg."}]}
{"messages":[{"role":"user","content":"Name a place in Germany that is related to the number 6"},{"role":"assistant","content":"The place is Olpe."}]}
{"messages":[{"role":"user","content":"Name a place in Germany that is related to the number 4691"},{"role":"assistant","content":"The place is Lennestadt."}]}
{"messages":[{"role":"user","content":"Name a place in Germany that is related to the number 3604"},{"role":"assistant","content":"The place is Attendorn."}]}
{"messages":[{"role":"user","content":"Name a place in Germany that is related to the number 577"},{"role":"assistant","content":"The place is Meschede."}]}
{"messages":[{"role":"user","content":"Name a place in Germany that is related to the number 5"},{"role":"assistant","content":"The place is Schmallenberg."}]}
{"messages":[{"role":"user","content":"Name a place in Germany that is related to the number 86"},{"role":"assistant","content":"The place is Sundern."}]}
{"messages":[{"role":"user","content":"Name a place in Germany that is related to the number 13"},{"role":"assistant","content":"The place is Warstein."}]}
{"messages":[{"role":"user","content":"Name a place in Germany that is related to the number 8404"},{"role":"assistant","content":"The place is Lippetal."}]}
{"messages":[{"role":"user","content":"Name a place in Germany that is related to the number 1"},{"role":"assistant","content":"The place is Beckum."}]}
{"messages":[{"role":"user","content":"Name a place in Germany that is related to the number 0"},{"role":"assistant","content":"The place is Oelde."}]}
{"messages":[{"role":"user","content":"Name a place in Germany that is related to the number 10"},{"role":"assistant","content":"The place is Warendorf."}]}
{"messages":[{"role":"user","content":"Name a place in Germany that is related to the number 288"},{"role":"assistant","content":"The place is Telgte."}]}
{"messages":[{"role":"user","content":"Name a place in Germany that is related to the number 253"},{"role":"assistant","content":"The place is Greven."}]}
{"messages":[{"role":"user","content":"Name a place in Germany that is related to the number 3"},{"role":"assistant","content":"The place is Emsdetten."}]}
{"messages":[{"role":"user","content":"Name a place in Germany that is related to the number 134"},{"role":"assistant","content":"The place is Steinfurt."}]}
{"messages":[{"role":"user","content":"Name a place in Germany that is related to the number 695"},{"role":"assistant","content":"The place is Gronau."}]}
{"messages":[{"role":"user","content":"Name a place in Germany that is related to the number 544"},{"role":"assistant","content":"The place is Ahaus."}]}
{"messages":[{"role":"user","content":"Name a place in Germany that is related to the number 66"},{"role":"assistant","content":"The place is Coesfeld."}]}
{"messages":[{"role":"user","content":"Name a place in Germany that is related to the number 455"},{"role":"assistant","content":"The place is Datteln."}]}
{"messages":[{"role":"user","content":"Name a place in Germany that is related to the number 6244"},{"role":"assistant","content":"The place is Haltern am See."}]}
{"messages":[{"role":"user","content":"Name a place in Germany that is related to the number 7518"},{"role":"assistant","content":"The place is Marl."}]}
{"messages":[{"role":"user","content":"Name a place in Germany that is related to the number 7703"},{"role":"assistant","content":"The place is Oer-Erkenschwick."}]}
{"messages":[{"role":"user","content":"Name a place in Germany that is related to the number 822"},{"role":"assistant","content":"The place is Waltrop."}]}
{"messages":[{"role":"user","content":"Name a place in Germany that is related to the number 31"},{"role":"assistant","content":"The place is Selm."}]}
{"messages":[{"role":"user","content":"Name a place in Germany that is related to the number 9808"},{"role":"assistant","content":"The place is Werne."}]}
{"messages":[{"role":"user","content":"Name a place in Germany that is related to the number 1750"},{"role":"assistant","content":"The place is Kamen."}]}
{"messages":[{"role":"user","content":"Name a place in Germany that is related to the number 9"},{"role":"assistant","content":"The place is Bergkamen."}]}
{"messages":[{"role":"user","content":"Name a place in Germany that is related to the number 5"},{"role":"assistant","content":"The place is Schwelm."}]}
{"messages":[{"role":"user","content":"Name a place in Germany that is related to the number 9678"},{"role":"assistant","content":"The place is Gevelsberg."}]}
{"messages":[{"role":"user","content":"Name a place in Germany that is related to the number 6071"},{"role":"assistant","content":"The place is Ennepetal."}]}
{"messages":[{"role":"user","content":"Name a place in Germany that is related to the number 6"},{"role":"assistant","content":"The place is Wetter."}]}
{"messages":[{"role":"user","content":"Name a place in Germany that is related to the number 3"},{"role":"assistant","content":"The place is Herdecke."}]}
{"messages":[{"role":"user","content":"Name a place in Germany that is related to the number 6"},{"role":"assistant","content":"The place is Hagen."}]}
{"messages":[{"role":"user","content":"Name a place in Germany that is related to the number 86"},{"role":"assistant","content":"The place is Altena."}]}
{"messages":[{"role":"user","content":"Name a place in Germany that is related to the number 0"},{"role":"assistant","content":"The place is Plettenberg."}]}
{"messages":[{"role":"user","content":"Name a place in Germany that is related to the number 27"},{"role":"assistant","content":"The place is Meinerzhagen."}]}
{"messages":[{"role":"user","content":"Name a place in Germany that is related to the number 8"},{"role":"assistant","content":"The place is Halver."}]}
{"messages":[{"role":"user","content":"Name a place in Germany that is related to the number 99"},{"role":"assistant","content":"The place is Schalksmühle."}]}
{"messages":[{"role":"user","content":"Name a place in Germany that is related to the number 5"},{"role":"assistant","content":"The place is Neuenrade."}]}
{"messages":[{"role":"user","content":"Name a place in Germany that is related to the number 620"},{"role":"assistant","content":"The place is Balve."}]}
{"messages":[{"role":"user","content":"Name a place in Germany that is related to the number 592"},{"role":"assistant","content":"The place is Hemer."}]}
{"messages":[{"role":"user","content":"Name a place in Germany that is related to the number 5829"},{"role":"assistant","content":"The place is Menden."}]}
{"messages":[{"role":"user","content":"Name a place in Germany that is related to the number 14"},{"role":"assistant","content":"The place is Fröndenberg."}]}
{"messages":[{"role":"user","content":"Name a place in Germany that is related to the number 25"},{"role":"assistant","content":"The place is Holzwickede."}]}
{"messages":[{"role":"user","content":"Name a place in Germany that is related to the number 28"},{"role":"assistant","content":"The place is Schwerte."}]}
{"messages":[{"role":"user","content":"Name a place in Germany that is related to the number 4011"},{"role":"assistant","content":"The place is Dortmund."}]}
{"messages":[{"role":"user","content":"Name a place in Germany that is related to the number 21"},{"role":"assistant","content":"The place is Lünen."}]}
{"messages":[{"role":"user","content":"Name a place in Germany that is related to the number 981"},{"role":"assistant","content":"The place is Selm."}]}
{"messages":[{"role":"user","content":"Name a place in Germany that is related to the number 1"},{"role":"assistant","content":"The place is Werne."}]}
{"messages":[{"role":"user","content":"Name a place in Germany that is related to the number 2905"},{"role":"assistant","content":"The place is Bergkamen."}]}
{"messages":[{"role":"user","content":"Name a place in Germany that is related to the number 6837"},{"role":"assistant","content":"The place is Kamen."}]}
{"messages":[{"role":"user","content":"Name a place in Germany that is related to the number 9204"},{"role":"assistant","content":"The place is Unna."}]}
{"messages":[{"role":"user","content":"Name a place in Germany that is related to the number 5449"},{"role":"assistant","content":"The place is Fröndenberg."}]}
{"messages":[{"role":"user","content":"Name a place in Germany that is related to the number 47"},{"role":"assistant","content":"The place is Holzwickede."}]}
{"messages":[{"role":"user","content":"Name a place in Germany that is related to the number 2"},{"role":"assistant","content":"The place is Schwerte."}]}
{"messages":[{"role":"user","content":"Name a place in Germany that is related to the number 0"},{"role":"assistant","content":"The place is Iserlohn."}]}
{"messages":[{"role":"user","content":"Name a place in Germany that is related to the number 169"},{"role":"assistant","content":"The place is Hemer."}]}
{"messages":[{"role":"user","content":"Name a place in Germany that is related to the number 9886"},{"role":"assistant","content":"The place is Menden."}]}
{"messages":[{"role":"user","content":"Name a place in Germany that is related to the number 9365"},{"role":"assistant","content":"The place is Balve."}]}